City,Cloudiness,Country,Date,Humidity,Lat,Lng,Max Temp,Wind Speed
barrow,1.0,US,1589088372,84.0,71.29,-156.79,273.15,1.71
avarua,11.0,CK,1589088372,83.0,-21.21,-159.78,299.15,5.1
ushuaia,43.0,AR,1589088353,93.0,-54.8,-68.3,277.15,1.02
tadine,20.0,NC,1589088373,69.0,-21.55,167.88,296.21,5.49
gouyave,20.0,GD,1589088374,74.0,12.16,-61.73,300.15,7.7
albany,44.0,US,1589088157,53.0,42.6,-73.97,276.48,4.27
cayenne,66.0,GF,1589088377,100.0,4.93,-52.33,298.15,1.0
east london,0.0,ZA,1589088355,67.0,-33.02,27.91,287.15,2.1
taywarah,0.0,AF,1589088378,31.0,33.35,64.42,289.27,0.82
dikson,95.0,RU,1589088378,96.0,73.51,80.55,271.77,10.49
port blair,65.0,IN,1589088379,73.0,11.67,92.75,303.19,4.5
hofn,0.0,IS,1589088380,79.0,64.25,-15.21,273.14,2.02
punta arenas,90.0,CL,1589088381,93.0,-53.15,-70.92,279.15,0.86
new norfolk,73.0,AU,1589088381,73.0,-42.78,147.06,284.82,1.34
kaseda,75.0,JP,1589088382,88.0,31.42,130.32,295.15,4.1
mana,90.0,GF,1589088383,89.0,5.66,-53.78,298.5,4.08
aklavik,40.0,CA,1589088384,56.0,68.22,-135.01,279.15,2.1
merauke,68.0,ID,1589088384,81.0,-8.47,140.33,301.47,6.89
qaanaaq,99.0,GL,1589088386,83.0,77.48,-69.36,260.35,2.74
rikitea,49.0,PF,1589088386,68.0,-23.12,-134.97,297.42,2.32
tuktoyaktuk,20.0,CA,1589088387,80.0,69.45,-133.04,275.15,7.7
mataura,36.0,NZ,1589088387,82.0,-46.19,168.86,286.26,1.29
talnakh,75.0,RU,1589088387,86.0,69.49,88.4,274.15,8.0
tasiilaq,17.0,GL,1589088388,85.0,65.61,-37.64,273.15,6.7
provideniya,100.0,RU,1589088389,92.0,64.38,-173.3,275.32,13.2
kaniama,100.0,CD,1589088389,85.0,-7.57,24.18,291.82,2.36
dingle,87.0,PH,1589088391,43.0,11.0,122.67,308.53,3.93
jamestown,75.0,US,1589088150,64.0,42.1,-79.24,275.15,4.1
bitung,40.0,ID,1589088393,56.0,1.45,125.18,307.15,4.6
butaritari,57.0,KI,1589088394,74.0,3.07,172.79,302.02,2.32
puerto ayora,5.0,EC,1589088395,95.0,-0.74,-90.35,297.59,2.17
cape town,90.0,ZA,1589088769,100.0,-33.93,18.42,286.15,2.6
pangnirtung,100.0,CA,1589088396,92.0,66.15,-65.71,267.1,5.32
san patricio,0.0,MX,1589088397,80.0,19.22,-104.7,296.13,1.11
komsomolskiy,0.0,UZ,1589088398,46.0,40.43,71.72,296.15,3.1
fairbanks,1.0,US,1589088365,39.0,64.84,-147.72,296.15,1.5
inuvik,40.0,CA,1589088208,56.0,68.35,-133.72,279.15,2.1
yar-sale,100.0,RU,1589088402,97.0,66.83,70.83,274.11,3.47
taoudenni,0.0,ML,1589088403,12.0,22.68,-3.98,303.81,2.3
cairns,90.0,AU,1589088226,61.0,-16.92,145.77,300.93,5.1
mitsamiouli,93.0,KM,1589088404,80.0,-11.38,43.28,300.12,4.65
puerto narino,75.0,CO,1589088405,100.0,-3.77,-70.38,297.15,0.53
klaksvik,100.0,FO,1589088405,88.0,62.23,-6.59,273.15,4.1
kangaatsiaq,98.0,GL,1589088407,94.0,68.31,-53.46,271.53,7.09
hermanus,0.0,ZA,1589088407,43.0,-34.42,19.23,292.73,1.71
hobart,75.0,AU,1589088408,53.0,-42.88,147.33,285.37,4.6
fortuna,20.0,US,1589088408,100.0,40.6,-124.16,285.93,1.5
bredasdorp,0.0,ZA,1589088409,93.0,-34.53,20.04,282.15,1.5
mar del plata,0.0,AR,1589088411,100.0,-38.0,-57.56,284.26,3.1
tiksi,3.0,RU,1589088411,96.0,71.69,128.87,270.37,3.24
vaini,75.0,TO,1589088413,88.0,-21.2,-175.2,298.15,1.5
iracoubo,73.0,GF,1589088413,89.0,5.48,-53.2,298.56,5.01
lompoc,90.0,US,1589088361,93.0,34.64,-120.46,288.71,2.1
seoul,75.0,KR,1589088831,82.0,37.57,126.98,291.15,4.6
marsa matruh,0.0,EG,1589088415,82.0,31.35,27.25,286.15,3.5
karratha,83.0,AU,1589088416,19.0,-20.74,116.85,305.21,9.5
norrkoping,87.0,SE,1589088417,87.0,58.59,16.18,281.15,1.0
nelson bay,0.0,AU,1589088418,27.0,-32.72,152.15,291.15,4.6
samana,48.0,DO,1589088419,89.0,19.21,-69.34,298.1,2.31
cancun,90.0,MX,1589088184,94.0,21.17,-86.85,296.15,3.1
nioaque,0.0,BR,1589088421,66.0,-21.14,-55.83,289.89,2.45
ribeira grande,20.0,PT,1589088422,69.0,38.52,-28.7,288.28,10.13
dubbo,12.0,AU,1589088422,47.0,-32.25,148.62,286.15,6.7
rio gallegos,90.0,AR,1589088173,100.0,-51.62,-69.22,277.15,1.0
bredy,55.0,RU,1589088423,62.0,52.42,60.34,292.03,3.04
naze,75.0,JP,1589088424,83.0,28.37,129.48,299.15,5.7
whitehorse,20.0,CA,1589088425,29.0,60.72,-135.05,290.15,2.1
nome,1.0,US,1589088258,43.0,64.5,-165.41,286.15,4.6
victoria falls,4.0,ZW,1589088426,75.0,-17.92,25.84,286.5,3.12
roma,90.0,US,1589088360,59.0,43.21,-75.46,276.15,6.7
pacific grove,90.0,US,1589088199,82.0,36.62,-121.92,287.15,0.54
trofors,100.0,NO,1589088428,59.0,65.53,13.41,275.15,4.1
rawson,79.0,AR,1589088429,44.0,-43.3,-65.1,289.72,9.97
okhotsk,0.0,RU,1589088430,53.0,59.38,143.3,281.38,1.74
saint-georges,20.0,GD,1589088431,74.0,12.06,-61.75,300.15,7.7
kodiak,90.0,US,1589088432,75.0,57.79,-152.41,280.15,1.97
hulyaypole,45.0,UA,1589088432,70.0,47.67,36.26,284.24,2.97
urusha,66.0,RU,1589088433,36.0,54.05,122.9,284.57,3.77
georgetown,40.0,MY,1589088434,79.0,5.41,100.34,304.15,2.6
ilulissat,100.0,GL,1589088394,86.0,69.22,-51.1,272.15,1.0
vila velha,51.0,BR,1589088436,93.0,-20.33,-40.29,290.93,1.0
kamaishi,75.0,JP,1589088436,82.0,39.27,141.88,290.15,5.1
mehamn,62.0,NO,1589088437,90.0,71.04,27.85,272.51,3.93
half moon bay,90.0,US,1589088437,87.0,37.46,-122.43,287.04,0.82
college,75.0,US,1589088438,28.0,64.86,-147.8,296.15,2.1
micheweni,96.0,TZ,1589088438,82.0,-4.97,39.83,299.43,7.95
mankono,31.0,CI,1589088439,90.0,8.06,-6.19,296.57,2.7
berlevag,69.0,NO,1589088439,91.0,70.86,29.09,272.4,3.5
port alfred,0.0,ZA,1589088439,63.0,-33.59,26.89,291.48,3.64
nortelandia,13.0,BR,1589088440,90.0,-14.45,-56.8,293.38,1.13
cervo,100.0,ES,1589088440,81.0,43.67,-7.41,285.94,2.63
hilo,90.0,US,1589088248,78.0,19.73,-155.09,295.15,3.1
yellowknife,20.0,CA,1589088601,63.0,62.46,-114.35,271.15,6.7
castro,0.0,BR,1589088984,92.0,-24.79,-50.01,282.17,1.7
omaruru,0.0,NA,1589088441,36.0,-21.43,15.93,287.75,4.5
busselton,65.0,AU,1589088442,37.0,-33.65,115.33,292.04,1.74
kattivakkam,40.0,IN,1589088443,56.0,13.22,80.32,308.15,2.6
trinidad,96.0,BO,1589088443,81.0,-14.83,-64.9,292.49,1.2
salalah,20.0,OM,1589088348,70.0,17.02,54.09,303.15,1.5
ngunguru,55.0,NZ,1589088445,86.0,-35.62,174.5,290.37,1.34
thompson,5.0,CA,1589088446,62.0,55.74,-97.86,269.15,5.1
santarem,40.0,BR,1589088448,88.0,-2.44,-54.71,300.15,3.6
sobolevo,95.0,RU,1589088448,76.0,54.43,31.9,283.6,2.65
clyde river,90.0,CA,1589088448,84.0,70.47,-68.59,257.15,4.6
portland,20.0,US,1589088730,33.0,45.52,-122.68,297.59,2.6
srednekolymsk,100.0,RU,1589088450,81.0,67.45,153.68,276.67,7.85
inhambane,75.0,MZ,1589088451,94.0,-23.86,35.38,293.15,4.25
clinton,90.0,US,1589088347,39.0,42.59,-82.92,280.93,3.6
bukama,24.0,CD,1589088452,76.0,-9.2,25.85,292.95,0.59
sitka,75.0,US,1589088452,42.0,57.05,-135.33,290.15,2.1
fort frances,90.0,CA,1589088453,51.0,48.6,-93.4,277.15,4.6
bambous virieux,75.0,MU,1589088455,69.0,-20.34,57.76,299.26,5.1
vardo,98.0,NO,1589088456,90.0,70.37,31.11,274.2,5.24
saskylakh,100.0,RU,1589088456,97.0,71.92,114.08,271.3,2.58
sukumo,96.0,JP,1589088456,93.0,32.93,132.73,295.23,3.04
atuona,72.0,PF,1589088457,79.0,-9.8,-139.03,300.33,7.99
mount isa,0.0,AU,1589088458,20.0,-20.73,139.5,302.15,6.7
kurilsk,100.0,RU,1589088459,62.0,45.23,147.88,281.68,4.54
horki,95.0,BY,1589088459,76.0,54.29,30.98,285.15,4.0
dargaville,94.0,NZ,1589088462,71.0,-35.93,173.88,290.3,2.31
bengkulu,50.0,ID,1589088463,65.0,-3.8,102.27,302.99,2.88
grand-lahou,89.0,CI,1589088464,89.0,5.14,-5.02,299.38,4.04
cidreira,0.0,BR,1589088464,74.0,-30.18,-50.21,289.21,2.74
cozumel,100.0,MX,1589088465,90.0,20.51,-86.95,299.26,1.79
aquiraz,75.0,BR,1589088465,83.0,-3.9,-38.39,299.15,2.1
selvazzano dentro,100.0,IT,1589088466,83.0,45.39,11.8,290.37,3.86
faya,57.0,SA,1589088471,64.0,18.39,42.45,295.15,1.94
lima,14.0,PE,1589088417,73.0,-12.04,-77.03,294.15,7.2
bluff,44.0,NZ,1589088472,78.0,-46.6,168.33,287.51,3.3
brae,29.0,GB,1589088251,74.0,60.4,-1.35,274.15,8.2
liverpool,31.0,GB,1589088474,93.0,53.41,-2.98,284.26,3.6
bilibino,100.0,RU,1589088475,81.0,68.05,166.44,275.69,9.66
acajutla,96.0,SV,1589088475,91.0,13.59,-89.83,297.04,3.12
canton,41.0,CN,1589088476,99.0,23.12,113.25,307.59,4.19
arraial do cabo,0.0,BR,1589088476,73.0,-22.97,-42.03,294.04,5.9
gobabis,0.0,NA,1589088477,70.0,-22.45,18.97,281.15,10.3
longyearbyen,40.0,SJ,1589088188,66.0,78.22,15.64,264.15,4.1
saldanha,0.0,ZA,1589088480,76.0,-33.01,17.94,283.15,0.5
sao joao do paraiso,100.0,BR,1589088480,83.0,-15.31,-42.01,289.21,5.16
winsum,77.0,NL,1589088481,91.0,53.33,6.52,284.82,1.79
orlik,86.0,RU,1589088481,40.0,52.52,99.83,284.9,3.1
la asuncion,2.0,VE,1589088482,88.0,11.03,-63.86,299.15,7.7
norman wells,5.0,CA,1589088483,52.0,65.28,-126.83,280.15,7.2
progreso,75.0,MX,1589088483,94.0,21.28,-89.67,297.59,2.1
souillac,75.0,MU,1589088484,69.0,-20.52,57.52,298.15,5.1
berdigestyakh,0.0,RU,1589088485,51.0,62.1,126.7,280.56,1.48
mayumba,95.0,GA,1589088485,87.0,-3.43,10.66,298.99,1.6
husavik,0.0,IS,1589088486,62.0,66.04,-17.34,269.15,6.7
torbay,90.0,CA,1589088486,93.0,47.67,-52.73,281.48,13.4
aswan,0.0,EG,1589088490,29.0,24.09,32.91,296.78,5.34
ust-uda,100.0,RU,1589088490,44.0,54.17,103.03,290.47,7.26
upernavik,100.0,GL,1589088491,94.0,72.79,-56.15,263.67,3.81
hambantota,76.0,LK,1589088491,67.0,6.12,81.12,303.93,0.58
andenes,67.0,NO,1589088492,80.0,69.31,16.12,273.15,3.6
catamarca,11.0,AR,1589088493,77.0,-28.47,-65.79,288.71,2.94
lago da pedra,98.0,BR,1589088494,94.0,-4.33,-45.17,296.03,0.89
vwawa,3.0,TZ,1589088494,90.0,-9.12,32.93,287.41,2.15
matagalpa,60.0,NI,1589088495,87.0,12.93,-85.92,295.82,1.21
wilmington,1.0,US,1589088374,93.0,34.23,-77.94,281.15,2.21
sola,8.0,VU,1589088496,77.0,-13.88,167.55,300.33,6.3
kavaratti,20.0,IN,1589088497,66.0,10.57,72.64,305.15,2.6
namibe,88.0,AO,1589088497,49.0,-15.2,12.15,298.89,1.0
fort-shevchenko,100.0,KZ,1589088498,78.0,44.51,50.26,288.0,4.94
neepawa,5.0,CA,1589088499,68.0,50.23,-99.47,271.15,3.1
vao,82.0,NC,1589088499,65.0,-22.67,167.48,295.74,4.54
iqaluit,90.0,CA,1589088500,74.0,63.75,-68.51,272.15,7.7
marrakesh,75.0,MA,1589088382,82.0,31.63,-8.01,288.15,2.1
balikpapan,100.0,ID,1589088501,85.0,-1.27,116.83,299.58,1.62
airai,62.0,TL,1589088502,71.0,-8.93,125.41,294.76,1.95
waipawa,0.0,NZ,1589088503,72.0,-41.41,175.52,288.15,6.7
ostrovnoy,100.0,RU,1589088503,95.0,68.05,39.51,274.51,4.04
sayat,27.0,TM,1589088504,36.0,38.78,63.88,300.15,7.2
victoria,20.0,HK,1589088296,62.0,22.29,114.16,305.93,7.7
nisia floresta,20.0,BR,1589088505,100.0,-6.09,-35.21,295.15,2.1
ojinaga,1.0,MX,1589088506,27.0,29.57,-104.42,298.15,5.7
port hedland,85.0,AU,1589089038,34.0,-20.32,118.57,306.15,7.2
knysna,2.0,ZA,1589088512,37.0,-34.04,23.05,294.15,1.5
ust-kuyga,100.0,RU,1589088513,94.0,70.02,135.6,273.82,2.94
omboue,100.0,GA,1589088513,88.0,-1.57,9.26,298.27,1.26
deputatskiy,86.0,RU,1589088514,99.0,69.3,139.9,271.36,3.17
soyo,88.0,AO,1589088514,91.0,-6.13,12.37,298.97,1.8
davila,20.0,PH,1589088515,70.0,18.47,120.58,304.15,6.2
geraldton,63.0,AU,1589088516,26.0,-28.77,114.6,301.15,5.7
mariental,0.0,NA,1589088516,36.0,-24.63,17.97,288.42,3.92
saint-leu,75.0,RE,1589088517,73.0,-21.15,55.28,297.04,7.7
iquique,90.0,CL,1589088517,72.0,-20.22,-70.14,291.15,1.5
constitucion,20.0,CL,1589088518,87.0,-35.33,-72.42,285.93,2.41
lofthus,100.0,NO,1589088519,81.0,59.95,10.8,275.93,0.45
severo-kurilsk,80.0,RU,1589088520,85.0,50.68,156.12,274.74,7.48
alihe,100.0,CN,1589088521,60.0,50.57,123.72,283.0,2.42
guerrero,0.0,MX,1589088521,57.0,17.67,-100.0,295.74,2.48
richards bay,0.0,ZA,1589088523,89.0,-28.78,32.04,291.15,2.57
ahipara,80.0,NZ,1589088523,74.0,-35.17,173.17,290.71,1.26
nipawin,1.0,CA,1589088524,68.0,53.37,-104.0,272.15,3.1
lavrentiya,100.0,RU,1589088524,86.0,65.58,-171.0,275.39,4.76
buta,99.0,CD,1589088525,97.0,2.79,24.73,294.33,0.82
gamba,100.0,GA,1589088525,89.0,-2.65,10.0,298.24,2.42
ambikapur,0.0,IN,1589088526,9.0,23.12,83.2,312.27,2.77
syumsi,17.0,RU,1589088526,65.0,57.11,51.61,291.17,4.08
jalu,0.0,LY,1589088527,23.0,29.03,21.55,293.31,3.45
iwanai,100.0,JP,1589088527,88.0,42.97,140.51,285.01,2.66
celestun,40.0,MX,1589088528,85.0,20.87,-90.4,298.39,3.69
chokurdakh,62.0,RU,1589088528,98.0,70.63,147.92,272.47,4.74
pisco,20.0,PE,1589088529,88.0,-13.7,-76.22,292.15,3.1
te anau,99.0,NZ,1589088530,70.0,-45.42,167.72,285.7,1.82
tuatapere,92.0,NZ,1589088531,72.0,-46.13,167.68,287.73,2.68
kaitangata,65.0,NZ,1589088532,82.0,-46.28,169.85,284.82,1.79
candelaria,81.0,PH,1589088532,71.0,13.93,121.42,304.82,2.68
bella vista,90.0,US,1589088533,62.0,36.43,-94.23,285.15,2.1
houlton,90.0,US,1589088533,80.0,46.13,-67.84,274.15,4.1
avera,1.0,US,1589088534,93.0,33.19,-82.53,282.15,2.1
lukovetskiy,90.0,RU,1589088535,80.0,64.3,41.92,278.15,5.0
bethel,1.0,US,1589088535,74.0,41.37,-73.41,274.82,3.1
pichayevo,100.0,RU,1589088536,90.0,53.24,42.2,283.11,5.02
sur,0.0,OM,1589088537,42.0,22.57,59.53,304.94,1.97
proletarsk,40.0,RU,1589088537,73.0,46.7,41.72,285.26,5.77
khatanga,91.0,RU,1589088538,98.0,71.97,102.5,272.96,5.42
svetlaya,100.0,RU,1589088538,91.0,46.54,138.33,278.08,5.76
pevek,100.0,RU,1589088539,86.0,69.7,170.31,274.59,4.75
kindia,89.0,GN,1589088540,96.0,10.06,-12.87,295.78,1.32
isangel,2.0,VU,1589088541,73.0,-19.55,169.27,296.86,6.01
hasaki,75.0,JP,1589088541,78.0,35.73,140.83,299.26,8.7
touros,20.0,BR,1589088386,100.0,-5.2,-35.46,295.15,2.1
yenagoa,100.0,NG,1589088543,92.0,4.92,6.26,298.6,0.85
carnarvon,100.0,AU,1589088543,51.0,-24.87,113.63,298.37,4.77
stromness,62.0,GB,1589088544,69.0,58.97,-3.3,275.15,11.8
kapaa,90.0,US,1589088544,73.0,22.08,-159.32,296.15,7.7
taksimo,100.0,RU,1589088297,86.0,56.34,114.88,276.54,0.47
taltal,96.0,CL,1589088545,75.0,-25.4,-70.48,287.85,2.09
hirara,75.0,JP,1589088546,74.0,24.8,125.28,303.15,5.1
zhangjiakou,21.0,CN,1589088546,26.0,40.81,114.88,290.51,9.46
brazzaville,40.0,CG,1589088547,94.0,-4.27,15.28,297.15,2.6
iralaya,100.0,HN,1589088547,78.0,15.0,-83.23,301.03,4.52
shenkursk,1.0,RU,1589088548,63.0,62.11,42.9,284.08,2.21
dakar,41.0,SN,1589088549,94.0,14.69,-17.44,293.15,1.0
den helder,90.0,NL,1589088550,87.0,52.96,4.76,287.04,2.6
borisoglebsk,0.0,RU,1589088551,89.0,51.37,42.08,282.59,5.1
adeje,20.0,ES,1589088551,77.0,28.12,-16.73,294.82,3.1
gorom-gorom,0.0,BF,1589088552,29.0,14.44,-0.24,304.55,3.74
palmer,20.0,US,1589088553,47.0,42.16,-72.33,276.15,3.1
tefe,100.0,BR,1589088553,98.0,-3.35,-64.71,296.82,0.31
luena,12.0,AO,1589088554,79.0,-11.78,19.92,287.17,2.11
kampot,20.0,KH,1589088554,63.0,10.62,104.18,307.15,3.1
dandong,0.0,CN,1589088555,46.0,40.13,124.39,297.06,5.33
lithakia,77.0,GR,1589088556,71.0,37.72,20.83,286.15,0.93
batagay,98.0,RU,1589088556,88.0,67.63,134.63,274.61,2.22
pompeu,1.0,BR,1589088557,96.0,-19.22,-44.94,285.83,2.34
copiapo,27.0,CL,1589088557,82.0,-27.37,-70.33,287.15,1.5
lonevag,40.0,NO,1589088558,86.0,60.53,5.49,276.48,9.3
tukrah,2.0,LY,1589088559,41.0,32.53,20.58,292.91,3.39
gorzow wielkopolski,0.0,PL,1589088560,64.0,52.74,15.23,288.71,1.34
puerto escondido,0.0,MX,1589088561,70.0,15.85,-97.07,301.88,1.69
tilichiki,100.0,RU,1589088561,100.0,60.47,166.1,273.77,3.24
kodinsk,63.0,RU,1589088562,36.0,58.69,99.18,293.8,7.51
tessalit,0.0,ML,1589088562,17.0,20.2,1.01,298.48,1.65
coihaique,69.0,CL,1589088564,81.0,-45.58,-72.07,279.15,1.5
nikolskoye,50.0,RU,1589088565,66.0,59.7,30.79,281.15,3.0
bandarbeyla,55.0,SO,1589088565,65.0,9.49,50.81,301.99,2.67
mango,40.0,US,1589088566,77.0,27.98,-82.31,295.37,3.1
esperance,0.0,AU,1589088566,32.0,-33.87,121.9,293.15,6.7
igarapava,12.0,BR,1589088567,84.0,-20.04,-47.75,287.54,2.05
kavieng,87.0,PG,1589088567,77.0,-2.57,150.8,302.97,5.91
pasaje,81.0,EC,1589088569,79.0,-3.33,-79.82,297.89,0.44
khandbari,5.0,NP,1589088569,31.0,27.37,87.2,302.1,2.15
monte aprazivel,0.0,BR,1589088570,52.0,-20.77,-49.71,291.15,3.6
stornoway,66.0,GB,1589088571,64.0,58.21,-6.39,276.15,8.7
chiniot,0.0,PK,1589088571,20.0,31.72,72.98,310.27,5.84
ponta delgada,75.0,PT,1589088572,77.0,37.73,-25.67,289.15,6.7
zhigalovo,100.0,RU,1589088572,81.0,54.81,105.16,282.92,5.8
sao filipe,100.0,CV,1589088573,78.0,14.9,-24.5,295.7,5.31
sarangani,100.0,PH,1589088573,68.0,5.4,125.46,303.01,2.4
hauterive,61.0,FR,1589088574,87.0,46.09,3.45,287.15,2.6
vagur,94.0,FO,1589088575,80.0,61.47,-6.81,274.95,10.49
weihe,15.0,CN,1589088575,43.0,33.0,105.32,294.29,3.18
kruisfontein,0.0,ZA,1589088576,34.0,-34.0,24.73,290.62,3.89
lucapa,11.0,AO,1589088578,85.0,-8.42,20.74,291.44,1.5
haigerloch,100.0,DE,1589088579,17.0,48.37,8.8,287.59,2.19
klyuchi,0.0,RU,1589088579,34.0,52.27,79.17,295.16,4.54
hobyo,58.0,SO,1589088580,69.0,5.35,48.53,302.77,2.51
sorland,6.0,NO,1589088580,79.0,67.67,12.69,274.24,2.17
gimli,88.0,CA,1589088581,57.0,50.63,-96.99,276.48,3.13
codrington,64.0,AU,1589088583,52.0,-38.27,141.97,287.59,4.47
hithadhoo,95.0,MV,1589088583,74.0,-0.6,73.08,302.64,4.65
tromso,20.0,NO,1589088584,59.0,69.65,18.96,274.15,7.7
grenada,40.0,ES,1589088293,81.0,37.19,-3.61,285.15,2.1
chesma,100.0,RU,1589088585,74.0,53.81,60.65,288.86,0.88
hammerfest,18.0,NO,1589088585,55.0,70.66,23.68,274.15,8.7
mahebourg,75.0,MU,1589088586,69.0,-20.41,57.7,298.15,5.1
cranbrook,75.0,CA,1589088587,46.0,49.5,-115.77,283.15,2.6
bilma,0.0,NE,1589088587,16.0,18.69,12.92,299.61,3.43
nanortalik,21.0,GL,1589088587,72.0,60.14,-45.24,277.13,8.56
kosonsoy,16.0,UZ,1589088588,41.0,41.26,71.55,297.15,3.1
cherskiy,100.0,RU,1589088589,64.0,68.75,161.3,278.7,5.65
ballina,31.0,AU,1589088589,64.0,-28.87,153.57,298.15,4.1
suoyarvi,11.0,RU,1589088591,71.0,62.08,32.35,277.55,1.98
mezhdurechensk,0.0,RU,1589088591,31.0,53.69,88.06,296.23,2.12
baykit,15.0,RU,1589088592,39.0,61.67,96.37,285.23,5.35
yairipok,0.0,IN,1589088592,26.0,24.67,94.07,305.36,1.83
urbano santos,92.0,BR,1589088593,94.0,-3.21,-43.4,296.23,0.75
sept-iles,90.0,CA,1589088593,48.0,50.2,-66.38,278.15,7.7
katsuura,92.0,JP,1589088594,90.0,35.13,140.3,297.59,2.68
saint-philippe,75.0,RE,1589088595,73.0,-21.36,55.77,297.04,7.7
sinnamary,56.0,GF,1589088596,88.0,5.38,-52.95,298.66,5.17
aksha,15.0,RU,1589088597,34.0,50.28,113.29,287.32,8.24
adrar,51.0,MR,1589088605,15.0,20.5,-10.07,300.5,5.51
hailin,55.0,CN,1589088605,40.0,44.58,129.42,292.94,2.07
sao joao da barra,14.0,BR,1589088606,65.0,-21.64,-41.05,292.62,1.46
guerrero negro,0.0,MX,1589088607,83.0,27.98,-114.06,291.38,5.25
rocha,1.0,UY,1589088608,82.0,-34.48,-54.33,283.98,3.98
yafran,81.0,LY,1589088609,18.0,32.06,12.53,299.44,9.7
nizhniy kuranakh,74.0,RU,1589088609,55.0,58.84,125.49,280.66,2.05
faanui,45.0,PF,1589088610,82.0,-16.48,-151.75,300.87,8.06
newala,8.0,TZ,1589088611,84.0,-10.94,39.28,293.06,1.89
westfield,1.0,US,1589088611,51.0,42.13,-72.75,276.15,3.6
inta,100.0,RU,1589088611,92.0,66.03,60.17,279.21,2.89
qandala,31.0,SO,1589088612,41.0,11.47,49.87,306.0,1.38
barra do garcas,5.0,BR,1589088613,86.0,-15.89,-52.26,292.71,1.75
hof,94.0,DE,1589088613,90.0,50.32,11.92,285.37,0.45
marystown,70.0,CA,1589088615,89.0,47.17,-55.15,274.41,8.61
ambulu,94.0,ID,1589088615,71.0,-8.35,113.61,303.33,3.21
bardiyah,0.0,LY,1589088616,65.0,31.76,25.09,291.2,1.97
soe,39.0,ID,1589088617,60.0,-9.86,124.28,298.35,4.32
opuwo,0.0,NA,1589088618,49.0,-18.06,13.84,289.4,3.93
yugorsk,44.0,RU,1589088619,30.0,61.31,63.33,298.03,5.04
wukari,100.0,NG,1589088619,83.0,7.85,9.78,298.06,3.05
emerald,40.0,AU,1589088620,23.0,-23.53,148.17,304.26,2.1
lubao,40.0,PH,1589088621,56.0,14.92,120.55,308.15,2.1
yeppoon,40.0,AU,1589088621,39.0,-23.13,150.73,302.15,1.5
juan lacaze,0.0,UY,1589088622,78.0,-34.43,-57.44,285.37,0.89
moron,0.0,AR,1589088365,76.0,-34.65,-58.62,289.26,0.89
ponta do sol,40.0,PT,1589088623,63.0,32.67,-17.1,291.15,5.7
conceicao do araguaia,99.0,BR,1589088623,100.0,-8.26,-49.26,297.15,1.5
gbarnga,97.0,LR,1589088624,98.0,7.0,-9.47,295.62,0.64
chicama,29.0,PE,1589088624,81.0,-7.84,-79.15,293.81,2.74
kutum,2.0,SD,1589088625,16.0,14.2,24.67,298.31,6.76
inongo,100.0,CD,1589088626,98.0,-1.95,18.27,295.03,3.05
san vicente,0.0,AR,1589088626,84.0,-26.62,-54.13,285.66,1.85
alice springs,0.0,AU,1589088627,25.0,-23.7,133.88,292.15,6.2
kloulklubed,90.0,PW,1589088628,83.0,7.04,134.26,301.15,2.1
marquette,32.0,US,1589088628,76.0,46.53,-87.63,272.59,0.45
kholmogory,90.0,RU,1589088629,80.0,64.22,41.66,278.15,5.0
nantucket,1.0,US,1589088629,59.0,41.28,-70.1,276.15,8.7
luderitz,0.0,NA,1589088630,76.0,-26.65,15.16,287.15,1.0
fare,89.0,PF,1589088631,81.0,-16.7,-151.02,301.13,7.18
saint george,1.0,US,1589088631,16.0,37.1,-113.58,297.59,3.6
merrill,90.0,US,1589088632,100.0,45.18,-89.68,276.15,3.1
pasighat,0.0,IN,1589088642,34.0,28.07,95.33,306.13,1.97
havelock,1.0,US,1589088643,81.0,34.88,-76.9,280.37,2.33
eyl,95.0,SO,1589088645,59.0,7.98,49.82,303.2,0.5
comodoro rivadavia,100.0,AR,1589088645,54.0,-45.87,-67.5,286.15,10.3
aksarka,100.0,RU,1589088645,91.0,66.56,67.8,276.76,4.94
manaure,81.0,CO,1589088646,76.0,11.78,-72.44,299.75,6.15
xinyu,91.0,CN,1589088647,73.0,27.8,114.93,298.91,1.61
leningradskiy,100.0,RU,1589088647,96.0,69.38,178.42,273.33,6.1
hamilton,1.0,US,1589088498,86.0,39.18,-84.53,279.26,1.7
asfi,79.0,MA,1589088649,74.0,32.3,-9.24,290.69,2.66
muros,13.0,ES,1589088650,93.0,42.78,-9.06,285.37,0.45
petit goave,38.0,HT,1589088651,78.0,18.43,-72.87,300.15,8.2
bathsheba,40.0,BB,1589088651,69.0,13.22,-59.52,300.15,8.2
pathein,16.0,MM,1589088381,26.0,16.78,94.73,311.9,2.31
nemuro,75.0,JP,1589088653,93.0,43.32,145.57,281.15,5.7
buraydah,40.0,SA,1589088653,41.0,26.33,43.98,298.15,8.2
juneau,75.0,US,1589088654,54.0,58.3,-134.42,288.15,3.1
jardim,0.0,BR,1589088533,67.0,-21.48,-56.14,288.31,1.92
jiaojiang,99.0,CN,1589088655,77.0,28.68,121.44,299.26,4.03
hunterville,2.0,NZ,1589088656,61.0,-39.93,175.57,289.26,0.89
christchurch,23.0,NZ,1589088657,93.0,-43.53,172.63,285.37,5.1
ishigaki,20.0,JP,1589088657,79.0,24.34,124.16,303.15,6.2
waingapu,6.0,ID,1589088658,66.0,-9.66,120.26,302.28,6.91
bouca,89.0,CF,1589088659,78.0,6.51,18.27,296.67,1.81
arlit,0.0,NE,1589088659,13.0,18.74,7.39,302.31,4.79
itarema,46.0,BR,1589088660,89.0,-2.92,-39.92,296.86,2.27
smithers,1.0,CA,1589088661,31.0,54.78,-127.17,289.15,5.7
bubaque,98.0,GW,1589088662,76.0,11.28,-15.83,298.58,6.37
shenzhen,20.0,CN,1589088510,74.0,22.55,114.07,305.15,4.0
kalmunai,62.0,LK,1589088663,65.0,7.42,81.82,304.57,1.69
haradok,75.0,BY,1589088664,54.0,55.46,29.98,285.15,4.0
sungaipenuh,43.0,ID,1589088664,83.0,-2.08,101.38,297.98,1.96
atar,77.0,MR,1589088665,17.0,20.52,-13.05,299.28,5.61
bathurst,31.0,AU,1589088667,53.0,-33.42,149.58,283.71,0.45
karlskrona,33.0,SE,1589088466,93.0,56.16,15.59,281.15,1.0
saint-augustin,100.0,CA,1589088668,97.0,51.23,-58.65,275.47,5.13
yulara,95.0,AU,1589088669,23.0,-25.24,130.99,294.15,7.2
big bend,65.0,SZ,1589088669,93.0,-26.82,31.93,287.15,1.0
nhamunda,38.0,BR,1589088670,93.0,-2.19,-56.71,296.69,0.36
lumut,40.0,MY,1589088670,84.0,4.23,100.63,303.15,2.6
aykhal,90.0,RU,1589088671,97.0,66.0,111.5,274.15,2.0
itaituba,35.0,BR,1589088671,96.0,-4.28,-55.98,295.67,0.53
cap malheureux,32.0,MU,1589088672,67.0,-19.98,57.61,299.26,3.58
saint-pierre,75.0,RE,1589088673,73.0,-21.34,55.48,297.04,7.7
grande prairie,5.0,CA,1589088558,64.0,55.17,-118.8,275.15,4.1
askarovo,95.0,RU,1589088674,42.0,53.34,58.51,293.15,1.0
zhigansk,19.0,RU,1589088675,94.0,66.77,123.37,271.94,2.83
kampene,100.0,CD,1589088675,95.0,-3.6,26.67,295.4,0.57
stranda,100.0,NO,1589088676,88.0,62.31,6.94,270.93,1.79
wittingen,52.0,DE,1589088676,87.0,52.73,10.74,286.48,1.5
pampa,1.0,US,1589088677,49.0,35.54,-100.96,288.15,2.56
chimbote,87.0,PE,1589088677,87.0,-9.09,-78.58,292.87,3.6
harper,79.0,LR,1589088678,87.0,4.38,-7.72,299.58,3.56
ascension,100.0,US,1589088679,86.0,30.22,-90.9,289.26,1.92
takapau,12.0,NZ,1589088679,72.0,-40.03,176.35,288.15,1.85
bluffton,1.0,US,1589088445,81.0,32.24,-80.86,289.82,2.55
ketchikan,1.0,US,1589088680,48.0,55.34,-131.65,290.15,2.72
qaqortoq,33.0,GL,1589088681,26.0,60.72,-46.03,286.15,8.2
west plains,1.0,US,1589088661,53.0,36.73,-91.85,284.26,2.6
cabo san lucas,0.0,MX,1589088650,68.0,22.89,-109.91,297.04,5.71
turukhansk,73.0,RU,1589088687,66.0,65.82,87.98,278.29,2.16
patitirion,20.0,GR,1589088688,55.0,39.15,23.87,291.48,0.12
longhua,91.0,CN,1589088688,67.0,23.61,114.19,305.28,2.39
ola,99.0,RU,1589088689,58.0,59.58,151.28,279.74,7.5
matadi,50.0,CD,1589088690,89.0,-5.82,13.45,298.26,0.7
huangpi,20.0,CN,1589088690,50.0,30.88,114.38,298.15,2.0
xihe,75.0,CN,1589088691,31.0,31.69,113.47,300.26,2.67
port elizabeth,0.0,ZA,1589088691,71.0,-33.92,25.57,287.15,1.5
tabas,72.0,IR,1589088692,16.0,33.6,56.92,303.15,1.98
killin,1.0,US,1589088692,93.0,33.61,-91.74,282.15,0.99
antofagasta,90.0,CL,1589088693,77.0,-23.65,-70.4,289.15,0.5
marathon,90.0,US,1589088693,93.0,44.9,-89.77,276.48,2.6
shelburne,90.0,CA,1589088499,96.0,44.08,-80.2,273.71,2.6
salekhard,100.0,RU,1589088695,97.0,66.53,66.6,274.91,4.46
calama,9.0,CL,1589088695,23.0,-22.47,-68.93,282.15,9.3
sikonge,75.0,TZ,1589088696,82.0,-5.63,32.77,293.15,5.1
jedburgh,100.0,GB,1589088697,91.0,55.48,-2.55,278.71,3.13
zlobin,83.0,HR,1589088697,62.0,45.29,14.65,288.15,1.62
chara,100.0,RU,1589088698,64.0,56.91,118.26,278.48,2.47
mpulungu,13.0,ZM,1589088698,60.0,-8.76,31.11,295.92,3.67
sri aman,75.0,MY,1589088699,63.0,1.24,111.46,307.15,1.5
hay river,20.0,CA,1589088700,86.0,60.82,-115.8,271.15,4.1
idritsa,53.0,RU,1589088701,48.0,56.33,28.9,285.13,1.99
northam,70.0,GB,1589088702,96.0,51.03,-4.22,284.26,0.45
nuuk,72.0,GL,1589088703,69.0,64.18,-51.72,279.15,2.1
norton,22.0,ZW,1589088703,87.0,-17.88,30.7,284.15,2.6
dinghai,90.0,CN,1589088705,74.0,26.28,119.79,301.15,4.0
hayesville,1.0,US,1589088705,43.0,44.99,-122.98,294.15,2.1
katangli,5.0,RU,1589088706,59.0,51.71,143.23,281.03,6.66
spreitenbach,75.0,CH,1589088706,93.0,47.42,8.36,289.26,2.1
masaka,100.0,UG,1589088707,96.0,-0.33,31.73,291.38,2.02
xiongzhou,93.0,CN,1589088707,71.0,25.12,114.3,303.48,2.42
usinsk,55.0,RU,1589088708,60.0,65.99,57.53,283.15,3.34
ouesso,100.0,CG,1589088709,87.0,1.61,16.05,294.41,0.96
vostok,100.0,RU,1589088710,97.0,46.49,135.88,279.9,1.82
monteagudo,0.0,BO,1589088710,85.0,-19.82,-63.98,285.68,0.7
los llanos de aridane,15.0,ES,1589088711,68.0,28.66,-17.92,292.15,1.0
meulaboh,90.0,ID,1589088712,81.0,4.14,96.13,302.45,3.59
samfya,2.0,ZM,1589088715,70.0,-11.36,29.56,290.82,5.81
praia da vitoria,75.0,PT,1589088716,77.0,38.73,-27.07,289.15,11.68
suntar,91.0,RU,1589088717,43.0,62.14,117.63,284.29,5.05
denton,1.0,US,1589088717,71.0,33.2,-97.13,288.71,3.0
mildura,40.0,AU,1589088718,51.0,-34.2,142.15,288.71,2.6
barcelos,20.0,PT,1589088618,93.0,41.54,-8.62,285.15,1.0
makakilo city,40.0,US,1589088720,61.0,21.35,-158.09,298.15,2.1
chino valley,1.0,US,1589088721,29.0,34.76,-112.45,292.15,3.1
snezhnogorsk,75.0,RU,1589088721,88.0,69.19,33.25,273.15,1.0
porto novo,40.0,BJ,1589088722,88.0,6.5,2.6,301.15,4.6
bara,18.0,NG,1589088723,59.0,10.37,10.73,301.45,4.98
oranjemund,0.0,NA,1589088723,34.0,-28.55,16.43,293.35,1.52
nador,40.0,MA,1589088724,82.0,35.17,-2.93,289.15,3.1
narayanavanam,20.0,IN,1589088725,47.0,13.42,79.58,308.15,4.1
catuday,90.0,PH,1589088726,69.0,16.29,119.81,303.04,6.1
pemangkat,4.0,ID,1589088469,69.0,1.17,108.97,303.08,3.86
yerbogachen,81.0,RU,1589088727,56.0,61.28,108.01,280.77,10.42
kushiro,75.0,JP,1589088499,93.0,42.98,144.37,283.15,3.6
lazaro cardenas,1.0,MX,1589088728,86.0,17.96,-102.2,297.62,0.68
ruteng,50.0,ID,1589088729,80.0,-8.61,120.47,295.94,0.55
broken hill,75.0,AU,1589088729,44.0,-31.95,141.43,287.15,5.1
sovetsk,0.0,RU,1589088730,71.0,55.08,21.88,283.18,0.71
oussouye,75.0,SN,1589088731,94.0,12.48,-16.55,296.15,2.1
malatya,0.0,TR,1589088731,30.0,38.5,38.0,286.15,2.6
lebu,86.0,CL,1589088732,80.0,-37.62,-73.65,286.28,5.15
kahului,75.0,US,1589088703,69.0,20.89,-156.47,297.15,7.2
ossora,100.0,RU,1589088734,92.0,59.24,163.07,275.2,2.62
visoko,1.0,BA,1589088735,58.0,43.99,18.18,287.41,1.54
dunedin,75.0,NZ,1589088736,92.0,-45.87,170.5,283.71,1.34
goderich,20.0,CA,1589088736,78.0,43.75,-81.72,277.04,4.19
bonfim,7.0,BR,1589088737,77.0,3.08,-59.95,298.25,3.49
port hardy,20.0,CA,1589088629,58.0,50.7,-127.42,288.15,2.1
birjand,19.0,IR,1589088738,17.0,32.87,59.22,298.15,2.1
laguna,1.0,US,1589088739,59.0,38.42,-121.42,292.04,3.6
karasjok,2.0,NO,1589088739,88.0,69.47,25.51,273.15,6.7
lazo,100.0,RU,1589088740,86.0,43.38,133.9,285.57,1.17
san quintin,0.0,MX,1589088741,82.0,30.48,-115.95,291.12,2.08
byron bay,57.0,AU,1589088875,64.0,-28.65,153.62,297.04,4.1
narsaq,32.0,GL,1589088742,26.0,60.92,-46.05,286.15,8.2
sam roi yot,20.0,TH,1589088743,63.0,12.27,99.87,307.15,5.1
aragarcas,5.0,BR,1589088744,86.0,-15.9,-52.25,292.66,1.82
slavgorodskoye,0.0,RU,1589088745,27.0,53.02,78.64,296.45,7.73
la ronge,20.0,CA,1589088745,68.0,55.1,-105.28,272.15,3.1
villa bruzual,28.0,VE,1589088745,80.0,9.33,-69.12,297.97,1.15
flinders,0.0,AU,1589088747,41.0,-34.58,150.86,290.93,0.45
mezen,34.0,RU,1589088747,72.0,65.85,44.24,279.32,4.52
kheralu,0.0,IN,1589088715,19.0,23.88,72.62,312.7,3.77
kemise,28.0,ET,1589088748,47.0,10.72,39.87,298.21,1.88
maniitsoq,94.0,GL,1589088749,74.0,65.42,-52.9,276.64,1.3
quatre cocos,75.0,MU,1589088749,69.0,-20.21,57.76,299.26,5.1
ankazoabo,0.0,MG,1589088751,52.0,-22.28,44.52,295.92,2.79
kidal,0.0,ML,1589088752,14.0,18.44,1.41,299.76,0.99
nyurba,74.0,RU,1589088754,43.0,63.28,118.33,283.49,4.5
kasama,0.0,ZM,1589088562,85.0,-10.21,31.18,285.78,2.27
belmonte,75.0,BR,1589088756,88.0,-15.86,-38.88,292.15,2.6
mao,20.0,ES,1589088756,100.0,39.89,4.27,290.15,4.1
sao sebastiao,15.0,BR,1589088757,82.0,-23.76,-45.41,291.08,2.05
pochutla,4.0,MX,1589088757,77.0,15.74,-96.47,301.48,0.38
las cruces,99.0,US,1589088615,23.0,32.31,-106.78,297.59,5.86
jacareacanga,99.0,BR,1589088758,96.0,-6.22,-57.75,296.45,0.27
alofi,100.0,NU,1589088759,83.0,-19.06,-169.92,300.15,2.6
tulu bolo,49.0,ET,1589088760,57.0,8.67,38.22,293.03,3.54
yining,0.0,CN,1589088761,46.0,29.04,114.56,302.43,1.5
chuy,17.0,UY,1589088761,84.0,-33.7,-53.46,284.87,3.46
lincoln,90.0,US,1589088480,76.0,40.8,-96.67,280.15,13.4
erenhot,71.0,CN,1589088763,34.0,43.65,111.98,286.42,8.21
el tigre,77.0,VE,1589088763,70.0,8.89,-64.25,297.54,7.13
gao,0.0,ML,1589088765,14.0,16.64,1.64,299.85,1.33
bereda,99.0,ES,1589088765,100.0,43.27,-7.54,283.15,0.45
athabasca,97.0,CA,1589088766,79.0,54.72,-113.29,276.05,2.55
bayji,0.0,IQ,1589088766,32.0,34.93,43.49,297.35,6.64
jinchang,18.0,CN,1589088767,34.0,38.5,102.17,286.65,11.72
fuerte,46.0,PH,1589088767,59.0,17.54,120.36,304.99,4.99
shache,29.0,CN,1589088768,32.0,38.42,77.24,297.55,2.93
la paz,54.0,BO,1589088914,65.0,-16.5,-68.15,282.15,4.1
kargasok,7.0,RU,1589088770,25.0,59.06,80.86,299.63,2.81
mazamari,88.0,PE,1589088771,76.0,-11.33,-74.53,292.73,0.6
cristobal obregon,69.0,MX,1589088771,80.0,16.35,-93.53,296.34,1.98
lorengau,4.0,PG,1589088772,70.0,-2.02,147.27,303.36,4.26
araouane,0.0,ML,1589088773,13.0,18.9,-3.53,302.48,2.11
tuskegee,94.0,US,1589088778,100.0,32.42,-85.69,283.15,0.45
padang,44.0,ID,1589088778,67.0,-0.95,100.35,303.52,2.82
yumen,14.0,CN,1589088779,33.0,40.28,97.2,286.7,6.17
campbell river,40.0,CA,1589088578,67.0,50.02,-125.24,287.59,1.0
oyama,75.0,JP,1589088781,83.0,36.3,139.8,300.93,4.6
panorama,0.0,GR,1589088782,71.0,40.59,23.03,292.04,0.26
santa maria da vitoria,67.0,BR,1589088782,82.0,-13.39,-44.19,291.44,2.15
high rock,100.0,BS,1589088783,73.0,26.62,-78.28,297.84,6.24
mecca,57.0,SA,1589088638,39.0,21.43,39.83,306.66,0.99
khash,32.0,IR,1589088784,13.0,28.22,61.22,302.83,1.11
pemba,10.0,MZ,1589088785,77.0,-12.97,40.52,297.73,6.83
ukiah,1.0,US,1589088785,55.0,39.15,-123.21,291.15,0.55
barahona,35.0,DO,1589088786,84.0,18.21,-71.1,298.55,2.89
matay,0.0,EG,1589088787,52.0,28.42,30.78,293.35,4.83
port moresby,40.0,PG,1589088787,70.0,-9.44,147.18,305.15,10.3
talara,37.0,PE,1589088522,78.0,-4.58,-81.27,295.87,6.57
edd,78.0,ER,1589088790,24.0,13.93,41.69,309.09,5.98
massagno,75.0,CH,1589088791,100.0,46.02,8.95,288.15,1.5
korsakovo,100.0,RU,1589088792,94.0,53.27,37.36,281.3,5.16
belyy yar,0.0,RU,1589088792,26.0,53.6,91.39,292.15,2.0
senneterre,90.0,CA,1589088793,92.0,48.38,-77.23,270.15,5.1
vanavara,9.0,RU,1589088793,36.0,60.34,102.28,286.21,8.34
umm kaddadah,90.0,SD,1589088794,13.0,13.6,26.69,302.63,10.85
sirajganj,0.0,BD,1589088778,45.0,24.45,89.72,305.04,1.18
edinburg,75.0,GB,1589088796,81.0,55.95,-3.2,279.15,6.7
itoman,75.0,JP,1589088796,88.0,26.12,127.67,300.15,3.6
isla vista,90.0,US,1589088797,93.0,34.41,-119.86,288.15,1.48
tiznit,93.0,MA,1589088797,90.0,29.58,-9.5,287.31,4.8
paamiut,92.0,GL,1589088798,61.0,61.99,-49.67,279.21,7.07
rudbar,13.0,AF,1589088798,13.0,30.15,62.6,306.38,2.75
nouadhibou,100.0,MR,1589088799,80.0,20.93,-17.03,292.11,10.01
susner,12.0,IN,1589088801,13.0,23.95,76.08,313.55,3.06
marigot,20.0,MF,1589088802,69.0,18.07,-63.08,300.15,4.1
brigantine,1.0,US,1589088803,41.0,39.41,-74.36,278.15,4.6
porbandar,0.0,IN,1589088803,75.0,21.64,69.61,305.15,4.1
grindavik,35.0,IS,1589088804,64.0,63.84,-22.43,274.15,1.5
stillwater,1.0,US,1589088591,76.0,36.12,-97.06,285.37,2.16
elizabeth city,0.0,US,1589088806,73.0,36.29,-76.25,280.93,2.47
grand gaube,35.0,MU,1589088806,67.0,-20.01,57.66,299.26,3.58
port-gentil,20.0,GA,1589088765,94.0,-0.72,8.78,300.15,3.32
beringovskiy,100.0,RU,1589088809,90.0,63.05,179.32,274.47,13.65
alpena,1.0,US,1589088809,73.0,45.06,-83.43,271.48,3.05
egvekinot,100.0,RU,1589088810,100.0,66.32,-179.17,273.29,6.46
rybinsk,61.0,RU,1589088811,57.0,58.04,38.84,285.19,5.44
winnemucca,1.0,US,1589088812,10.0,40.97,-117.74,295.15,3.1
sault sainte marie,1.0,CA,1589088560,80.0,46.52,-84.33,272.15,2.1
chipinge,31.0,ZW,1589088813,87.0,-20.19,32.62,287.74,1.93
honningsvag,25.0,NO,1589088814,85.0,70.98,25.97,273.9,5.69
minna,40.0,NG,1589088815,83.0,9.61,6.56,298.15,12.9
hovd,0.0,MN,1589088816,27.0,48.01,91.64,288.18,3.13
houma,90.0,US,1589088817,82.0,29.6,-90.72,289.26,1.13
toora-khem,7.0,RU,1589088818,25.0,52.47,96.11,292.97,1.15
asau,12.0,RO,1589088819,65.0,46.43,26.4,287.04,0.99
japura,65.0,ID,1589088819,51.0,-0.32,102.35,307.76,1.43
rabaul,19.0,PG,1589088820,68.0,-4.2,152.17,303.93,3.06
ylivieska,95.0,FI,1589088820,80.0,64.08,24.55,277.04,2.24
sundargarh,0.0,IN,1589088821,56.0,22.12,84.03,308.15,1.61
nanganga,6.0,TZ,1589088822,70.0,-10.38,39.15,296.65,2.53
thinadhoo,82.0,MV,1589088822,77.0,0.53,72.93,302.53,5.12
belaya gora,98.0,RU,1589088823,90.0,68.53,146.42,274.77,4.47
tashtagol,0.0,RU,1589088823,26.0,52.77,87.89,295.72,2.92
biak,71.0,ID,1589088824,74.0,-0.91,122.88,301.35,3.38
sirsa,33.0,IN,1589088616,13.0,29.53,75.02,313.95,1.24
banda aceh,100.0,ID,1589088825,79.0,5.56,95.32,301.39,2.58
ati,1.0,TD,1589088826,11.0,13.22,18.34,301.64,2.1
yara,100.0,CU,1589088827,79.0,20.28,-76.95,297.63,0.22
gornopravdinsk,8.0,RU,1589088828,25.0,60.05,69.9,298.57,4.96
tabuk,41.0,PH,1589088828,47.0,17.42,121.44,307.67,1.38
yatou,16.0,CN,1589088829,53.0,37.15,122.38,294.66,6.04
maceio,75.0,BR,1589088580,94.0,-9.67,-35.74,296.15,1.5
kabinda,40.0,CD,1589088830,74.0,-6.13,24.48,296.15,3.25
